<?xml version="1.0" encoding="UTF-8"?>
<root>
  <item name="com.library.widget.refreshlayout.MaterialProgressDrawable void updateSizes(int) 0">
    <annotation name="android.support.annotation.IntDef">
      <val name="value" val="{com.library.widget.refreshlayout.MaterialProgressDrawable.LARGE, com.library.widget.refreshlayout.MaterialProgressDrawable.DEFAULT}" />
    </annotation>
  </item>
  <item name="com.library.widget.refreshlayout.MaterialProgressDrawable.ProgressDrawableSize">
    <annotation name="android.support.annotation.IntDef">
      <val name="value" val="{com.library.widget.refreshlayout.MaterialProgressDrawable.LARGE, com.library.widget.refreshlayout.MaterialProgressDrawable.DEFAULT}" />
    </annotation>
  </item>
</root>

